Key,Value
ecf2a5ba-383e-48a1-91dc-c11219f5be9a,9781498705745
6c88b4ac-0cd4-4234-96e0-befc2565917b,"9789241505031,9780309297547"
3fc46187-d61b-4415-aed8-57e1d0a8eba0,9780300187731
de7b5750-1615-4cd7-bd7a-6fbc7b22d3c2,9781138947047
0a7fdd93-7aa7-422c-a2f8-47091a08127b,9783903334090
38cdf896-7e30-480c-a8ea-8ade1f3113e4,"9780198824527,9780197266144,9781580442824"
95c1638e-3cc5-4efb-9e3c-f1c64862c2e7,9789609979153
4c4ca9f6-4aaa-4a9f-b317-3c6ec89e39e4,9780573116728
9ae98944-f9b3-48a9-81bd-778d8716860a,"9791023105582,9782271116901,9781781381519,9780199577026"
ca73bba6-6f7a-420e-a802-d4ae6e5ae610,"9780330486438,9780330412803,9780330442442,9781447274506,9780571339747"
66a299d1-025f-4949-a466-6e30478023ac,"0718502469,9782503052618"
54a26ffe-7a12-4e66-bb68-a1f2e35ae05e,"9780190912666,9780195335538,9780195365870,9780521106375,9780521856881"
bfc8c081-b972-485d-a9d3-6eab0cefd6ca,9781350003019
4847f97b-9913-4ebb-82ec-1cdd8f6ea6ea,"9780995771222,9780995771253"
defb2569-8a65-45e6-8852-b3ef6b857db1,"9781472449528,9780367208509"
78814c74-a20a-4998-adbe-27cdeb2d4b0a,"9781138600782,9781138676435,9781474420433"
6ee45471-fb24-4d7d-a678-779fa2b16760,9788881473182
e2f1d6f4-5979-4faa-82c5-7d4ae8b418f9,None
607d5cd6-8b98-4f72-a12d-b8d127714ad9,9781467397414
663920cc-a146-4053-88af-9e3f753352b0,9780128054635
d87b067b-405a-4de2-9628-43c634c31070,9780804789479
dca41c27-21d3-4932-bb72-cb43a89ea9b1,9781137545121
e13294bb-f3b7-45e6-9718-8fce8e16bd03,"9780748638635,9780748649044,9781782793007"
0b0d8ef0-3ce1-4ab5-90d5-bf76b08a5777,"9789211327441,9783030259464"
52a42e12-dd1f-4728-9539-81c9acbb057f,"9781138257788,9781909818606"
7d9b7b53-1e72-4514-8fba-8189e500f85c,"9781848427815,9781781724255"
bca4dacf-8633-4f45-bb31-1ab65b65cfd6,9780815352044
09fb579d-8c02-430e-bf90-20d4464bd694,"9780199570751,9780520277229,9782875742735,9781349485727,9789087282684"
ae47b520-15e0-4c9f-bc4b-83c82846d781,9781137489760
b862d945-df48-44f8-87c7-0b2f9802b5ef,"9781784916817,9781887829953"
b0b695da-b7b7-4b8c-8c8f-57c5ee5a5e5d,9781913160043
4a475656-c641-4f5f-9227-812bd75c8bb2,"9781911363002,None"
e39e501a-2da7-41df-884a-b7e949f020d2,9780230537088
903261ed-6c39-4976-be4c-2d73f1454fa6,9781788511643
eef78d31-d466-45b6-8661-75ee67319d2e,"9781138890084,9783030370343,9783030370343"
24fea85a-c9c2-47dc-add1-181e06d02098,"9783631632833,9780367585587"
38946c34-cbda-40af-99ab-6a5877ff63ac,"9788413131832,None"
0b2e93a7-75cb-429c-8b51-48d14200ce97,"9780230336919,9781784715687"
fd081a2c-f8e0-4852-88b4-dff233e88348,"9789231003691,9789231003219,9781138895362,None"
295a14c8-8355-4753-8ebd-6328b82ec274,9780128038192
dd684804-ec82-4f81-bd82-e1ab0868d060,"0544227751,9780465093694"
99325556-7ff4-426f-ad61-8bafafaa3b2a,"None,None,1107196051502"
c16206c9-225e-4e54-9212-8d9f48b505dc,"0754634884,9781845455880,9781910775035"
fe533e1f-d846-4014-85be-e3c1e98ac198,9789187957314
aebe8a8d-26b9-40b3-85a8-a4e2713ac4a7,"9783319878089,9781526108708,9783030152482,9781526152855"
88a8eac6-7b78-4ad7-91f9-c912b81f8e2d,9781447331346
da3b066a-d2b1-4738-ba0c-85b86427d987,None
2286f37d-89c8-4986-aaea-2296101fe6a4,9781586038106
911191cd-84dc-48b9-bf43-89ede77fb17b,"9780199678112,9780190905040"
e8f5d845-d251-4551-90a2-07233feeb2cd,9781633694255
ae9edf02-bf69-4c4a-a524-00f0b6b939e5,9783837639131
ca2cf9df-904f-44d5-92fe-876f7d680a0f,"9789004273658,9781472431974"
2ce017e2-7907-41b1-9890-21e11e02ecaf,"None,9780897570367,None,None"
c116e3d8-7683-48c4-972f-9c9429bff8fb,"9783843720908,9781771646147"
9920ed9f-8c1a-4921-a8a1-c72e39ccb1a6,9781137431820
f7423d56-740f-435f-8b87-8b7330de7c1e,9781844073702
d1e33100-6369-4e65-a13b-3d621c450952,"1854377973,None,None,9781912520053"
59fa6f85-acbe-4d85-a1b6-9676e6cc9451,1439869324
ccd7a758-9da0-4f3a-89d8-2c62220cfb16,"1522574085,9781522574088"
cbb87040-27e0-4fc2-9d7f-1028b0b6f567,"9780727734495,9780727734846"
35885238-699e-4721-8e17-06114476ce64,"9781138385481,9781138385481,9781138078659,9781138639577,9781442237629"
379cf63c-368e-4b7a-b2c8-1bb8baac42e1,"9780904887617,9788469564271"
32bfa746-fc31-46fd-83c9-829ce802cebd,"9781902937939,9781902937892,9781842174951"
4014cb0c-8efa-4fe0-8393-d17e43f3809a,"1902175174,9781409401025,9780956353214,9780956353245"
fac46e64-233b-455c-a004-2fa9862643f6,"9783956794858,None,9871472471987,None,9781315205861"
f451afc7-db4a-49bb-821f-a8890bf932aa,9781916021105
9836a0f9-f5e8-4159-a161-e2b93f2db84e,9780955955747
83e29c29-a421-4915-bd68-bc1f084e091f,"9788539603596,9781906501044"
7b37468f-dbfb-4f37-bf1e-8eafac248cc2,9783631643396
4c52cc0e-a91c-4590-a82d-ba12cc281b05,"9781900756761,9781842201527"
07612c37-1c0b-4d26-af08-67a0444ce1f1,"None,9780470974797"
81e7bcc0-6a70-45e0-a4b6-f15ae585e9d7,None
95621727-c73a-4bff-9489-bbfb2914ab0a,9781780765396
f2f4b0a1-ea13-4b06-b64d-5ae5d6f87d79,9781901892345
a5b7c1f0-2bbf-47c7-988c-3f4a1b9e4d07,"None,9782356713858"
77e80752-5a67-433f-b11e-ecbd453f4823,"9780415892261,9780198850151,9781137539748,9780415787444"
c5fb1942-5c98-4615-8a42-c6ffd5d27963,9780081008980
faaad426-2798-4bab-af1f-d37b08dc46b1,"9781405173735,9781848859241,9781474419680,9781788310901"
6cdbcca0-df96-43fd-b0f9-861df14d4f76,9783958293472
1d2fb355-654c-48de-9d91-a26ca98c2210,9780956373052
400260b8-1fbe-45e7-80cd-006625c313c5,9781137545503
d4d96c41-46f3-4a9a-a8a1-c2724422b1f0,"9789526000800,9789526000817"
d19ccef2-ad60-48d2-9b52-0c3931f2d6b3,"9780748664641,None,9781905267552,9781526134424"
945a3f5c-ae90-4967-b2cd-5a0e75a19ecf,"9783319641188,9783030328719"
4cb8dfa2-49e5-4890-97e1-ed089ad5a4a9,"9781107132405,9781782398592"
84b0d578-47d8-449a-8923-b2cea89a3941,"9780772721389,9781138648173,9782848322704"
4c16c0f8-4f5e-41cc-bf7e-662747f12578,"9781843843757,9781843844150,9783895009952,9781108814287,9781107102460,9781107102460"
cf369518-a340-471b-b137-c3a64e50c44b,9780796921666
1e019e59-9283-4d7d-9e6e-8e7377401d66,"9781780765112,9783943620726,None"
c70d6dfd-36e0-4745-819b-547ee8ae2099,"9780714124766,9784582855753,9784901558495,9784901558341,9784901558952"
e248dd9a-12a3-4060-848b-696336436447,9780198749950
8fa2b597-046f-44e2-9439-e0c9b3fe6934,"9780444862402,9780198808893"
d35127ed-c3a4-4b53-ace6-f0dec57da42f,"9781138775107,9780198840145"
1ffbff9e-26f0-4e54-b290-6e3664943617,"9781315392189,9781315392189"
fc4cd203-0ce6-49f2-92c1-ec67f19e6cec,"9781907485046,9781902795157"
ab4880e4-38b3-4a62-8e7b-aa6e99764302,9780262044226
840d6e73-e03a-464c-ae05-d5ac5f4d422d,9781783272020
e139783f-8f6b-4cfc-838a-e826cd5880f1,9780367358884
c53633ba-e0d4-41f9-a7a2-ed33311d5db8,"None,None"
7ec2e6fa-3abe-4c01-a02c-625dccb9712e,None
49e44c7d-5c1b-4885-b7f2-61eea86af4fb,"9781910377772,9781913246471"
3c6a5e6e-e15d-4f9b-b1b2-d95a7817ad38,"9781138647671,9781138600751"
87a5238e-f370-457c-a754-0b693bf1d968,9781783475490
129613fe-10de-4c4f-a1c7-4f578fa0fe81,"9781843837275,9781941792001,0947595201,9780947595180,9780947595241"
841607bd-819e-405d-a2db-aa9f18f7aee9,"9780815368601,9780367335601"
eb117ca5-a34f-4a42-888b-314862564928,None
8057c7fc-8927-44e3-83bd-7ec2b35119b3,9789241549301
2273d12e-e058-4ac2-8d59-f5824112b7bf,9780970176752
b0e3e999-fc07-42e7-ba3a-dc5781fea31f,9781137273710
bedb37d2-3096-4373-a29d-08e09e800ac4,"9781461480273,9781461404330"
b9705b91-4b87-4c90-b616-06fbe42cdca6,9781474442565
1e5f0612-aef2-4373-985b-019d76560abc,"9780819577467,9780956644589"
29b48bd1-37d3-47a8-a5dc-5f9eb52a4e2a,"None,9780241309063,9780198820598,9788365880291"
0d817cf0-ae19-456f-bb39-feb6bedee8b5,9781447343219
583d7ebc-988f-488f-a110-8b8e62504c92,9781315573823
c3c0613d-e6d8-4f42-b537-bf85fd7d97b1,"9781848546547,None"
e5684d46-dcca-4a4e-9afc-3bc47c7659ea,None
8115f58a-3d88-4edb-b247-db39e5b2f0e7,9780367258047
24f5ffe8-069b-40df-87a4-e317145ecaa4,"None,9781780230313,9783319453606,9783319986999"
002e051c-bd3a-4714-9301-8afd7db5a70c,None
cf088c5c-0143-4237-a887-b45f00366047,9780815383932
cabb2005-c961-4f20-9331-6ef3f80bbabc,"9788494579059,9788417767327,9788498838183"
e143637d-8851-43b1-a427-4b7e1df9c747,None
7a3707bb-29db-4467-ab10-1b138e0ceb5f,"9781852243920,9781852246785,9780993318290"
c17f9e79-25f2-4d2e-84b3-769f4c0837d1,"9788842096214,9783034309615,9788890292439,9788851180416,9788806229535"
1351e21a-25ff-4d4c-baea-d1d4798baca9,9781446249031
40041629-e3fb-49fc-9208-0c3be77201aa,9781473462953
5b1e1db8-6a57-40d4-aefd-59a1e88805e5,"9781107014978,9781107641280,None"
c14922cf-4d79-4a11-8d02-9b9493a51a2f,"9781138628991,9780141985367"
351186e9-79a0-4022-84f9-c1deb4764921,"9781782971740,9781407309866"
b7473081-3f08-4dec-9802-1d4afd0b5649,None
64ac54dc-d55f-463c-a379-079a344cc35a,"9781909976238,9781857214314,9781772581980"
5098ba31-1553-48a1-aba9-631ba9a4a1c5,"1856354180,9781403912688,9780230296367,9780906602843"
ad8a6062-5bc9-44f1-87e5-8379d600d772,"9780691150819,9780472122530,9781910589632,9781107612556,9781474454650"
a65be6e1-2e2f-483c-bbdc-31d6a2d41466,9780198734840
8209a91e-ae34-49a1-8992-66709d3deb00,"9781781794463,9781623568207"
a443d21b-734a-4218-b0b9-c10943e002c4,9781108594110
dddef7ac-f2a4-4352-8c08-a60605a9ea2f,"9781501700248,9785906139122"
7f3e563f-1617-4428-adec-e7616596833f,"9781873927762,9784121505873,9784814001859"
317face9-b4e0-438e-8d80-34a091f60ae9,"9780995462700,None,None,9780199564026"
20e8488d-b805-4788-bba2-e5481a28a1a1,9781137402004
94bfbc94-1ddc-4375-ba9b-1209fcab5b5f,"None,9786075020013,9786077475217"
bd32e7e9-a8f8-495e-bca3-77741722e7a5,9781848315563
cc6ab8d7-42f3-4dc5-b8a6-701459f9b670,9781137034731
98c4c4d9-cf1a-4217-8574-6a1dabed2165,9781900936118
2d46491b-4c55-44a8-ba83-5c4b62471548,"None,9788087076224"
ff8d1f29-9aa2-4ce1-bb10-eaa29ada3a0c,None
7c6cc512-3d01-4693-b9b2-e47367e9a2b9,"None,9780199299799,9781788314039,9780190224172"
8011d4fe-4846-45cf-8970-7efdede46970,9780230291782
3717c087-8cda-4638-b172-4c2fbc92570d,"9780198705208,9788883346927"
ecd0ef31-f48e-4e27-9900-62d1fa956a1f,"9780520277168,9781846684715,9781846683817,9780674055636,9780674060319,0192842374,9780674032187"
7289fad3-ac9d-42d2-882e-33c1402db68b,"9781474297677,9781474297677,9781776561766,9781681233246"
5f0e2ee3-6534-4cf8-91c7-1689a5a1abb9,9781789252460
7291c4e2-8b61-4a26-b4b0-337c1686e156,"None,9780198788492,9781441159953"
7c61a65c-e826-404a-a471-d5181f30ea3f,"9780199215072,9789004270718,None"
73d87e2d-5bb6-42bc-b366-0e0ea65b1f26,"9780957163751,None,9780500022061,9781907893742,9781911306139,9781910566510"
ce30640a-3fa9-43f3-b807-625893ca12a0,"9781787146242,9780367189307"
a3a08781-cde0-4efb-a601-c7d67ee64f83,"9781501347696,9781138955844"
a168fb79-f346-4264-8c86-7c96356c4455,9781350052727
9e87367e-7d6e-4a3f-9044-f7228f44f892,"9780415885478,9781472439147"
75edf662-6f70-480d-934b-053cbd2942d6,"9789287159274,None,None"
4628b770-8f6b-476a-923d-ab3deabd78ea,9789544772314
e158f387-fa90-44c7-9904-eff466da6942,9781908063403
38155b19-6de9-4902-a8ac-befa8f1a1d5d,"9781107038431,9781474401630"
a8130180-030e-49de-9d08-b7a95431d1d3,None
bb60c7b8-a776-4f97-b370-68a2269b2f11,"9780713992083,9780198702382,9780713998405"
11dc5298-4f89-4269-a10d-029d031ed5dd,"9788363128227,9791023106251,9783110346220,9791023106664"
9051f48f-dd1a-476c-81d7-7e58851a7b85,9781138072749
e39bcb33-d5a5-48f3-bc68-fe15419cd7d7,"9781498576819,9781498576819"
18fc73f3-d81f-4605-9e92-c0030a53e3a5,9783770557257
a1176a46-56c8-4a68-a0ad-2edfcb8dbb11,9780745680262
da777733-a973-4f76-a99d-6f8c219c862d,"9781781255292,9780224084673,9780099598152,9780571316083,9781911343202,9781911343189,9781999954703,9781546386216"
8b3db380-23f0-476f-8aea-af3530ba9aad,"9789938149876,None,9789973491596,9789938149876"
882468e0-a6f8-4a17-9e30-5e431225b97e,9781906137694
4354788e-a114-4edd-885d-c9c0c973e862,"9780230364035,9781472581747,9780415365185,9781526132499"
993b1ce6-752e-423f-b6f0-8d6f37192d18,1780686528
f3d6e684-b65e-48fc-8ddf-e716cbff3e2f,9780387693958
e466cba8-8510-4778-b26c-547137be1212,None
e597ffb2-cd88-41a7-b158-eb09d0afc3b1,9781474241793
dc266152-a2d0-41e1-987c-0297d9cc9019,9781906897222
f97671eb-ded4-4c69-b03e-31c7839f1e9f,"9781781381359,9781526103710"
a9e902f7-cdd4-4a58-b7f9-4341df2e4e0e,9781138234420
42ea70eb-02a9-4739-974d-99913c7ed39c,9781138234420
7e5176cf-45c8-4a34-b59c-2689428c83b8,9780415744720
4284b57d-f7d7-4152-8c49-395ef72eb714,"9781472570796,9781786820600,9781472584595"
30227f10-ac06-4fcb-955f-3533fff23a5c,9781526152855
22ffed92-c199-42f4-bad9-0a3db2fbcf71,"9781910834275,9781939269294"
4c316a52-9bd9-45de-b71f-455a087a04cb,9789811506529
5ac18ff0-ad9b-4565-9a90-39371a24c7c8,"9780199669431,9781760020590"
4dff7de8-f5ce-4a09-8e05-3aa679d2698c,"9789863502869,9789860530919,9781138242074"
c21cbacf-1407-4295-8187-fd05b0180a0a,9780443101311
14ca0b44-b630-41bd-86ac-277ceb076102,"9780198184652,9780393082791,9781857595758,9781901702514,9781911024286"
92881e6f-7bdc-4ca2-8d56-df7a5ed5405b,"9781869979393,9781907468193"
d77ced2e-0382-4a66-85ad-335160ca888d,"9788475069753,9783863357184,9780935573480,9781780235820"
18c6f062-bcda-4137-9ed6-a63ef98ae933,"9782724619102,9780199661527"
ff6f9027-71d7-4813-a89e-63a59f1fc15f,9781522518297
8c8960de-e2f7-4499-8ee8-4a53a09e1b55,"9781789381207,9781138234581,9781526146809"
90e37ce8-a762-49f8-8819-ca2fbc7684d6,"9781138234581,9781138337527"
be02a1dc-61db-45b3-835e-cc7968992696,9781880653531
0cf64c38-2041-45df-ac66-4cf45abe4cca,9780271071220
633106ea-e521-4b7e-85f4-da6e55800ae5,"9781316729977,9788880802754,9781108859745,9781108783477,9781937040222,9781789250954"
949e6a85-2299-4f74-8b63-44cafffca3de,"9781786992772,9780745338217"
f82917fc-bc81-4425-b1ad-56c5e2d3dcfc,"9781137404138,9781783482764"
07ca938b-c5e4-4d3e-a79e-daf150da1ad0,"9781137404138,9781783482764"
f8dc83b5-ef6c-4c75-a66a-9ae43cc487cd,"9781742589220,9781118768907,9780994538819"
c54e8726-0eaa-44ee-8654-7c7a7bea1825,"1862075611,9780241143803,9780857861832,9781903385319"
2e28ae5a-9925-4014-9fbf-362cb46a0ab4,"9781138209664,9781447342144"
e857db46-7e14-4c33-8dfa-2e64a57679f4,"9780199606726,9780192570260"
2f6e70b2-c79f-42d8-a0c9-45425cbd8786,9781138550681
9058c534-ac80-4f8f-bdf8-dec1215dc08f,"9780815377757,9780367031060"
b5d9beda-5d59-4e26-89b3-cdc90d108524,"9781847428561,9781847420725,9781447329565"
3e04d004-28b8-45b0-acbb-7f86045440fb,"9780230277878,9781107031111,9780956873361"
886c921e-12c2-4359-adb8-322d13bc0830,"9781616141899,9781405188449,9780199644117"
1c481ed1-5926-4c05-88d5-b37044fa4b9e,9780521863162
5b7e4de5-9ccf-452e-8231-34ee3c4a7269,None
73da8e64-905d-4e7f-83b3-5ede59d096a3,9783945852248
006e90dd-d94e-42eb-925a-50ede968b52e,"None,9780415540582,9789086861873,9781474296243"
517c3975-f9f2-4a6b-8c20-95b7f42b6ec4,"9781783477869,9781487506391"
62935351-fa06-450e-a1cd-38809d3af323,9781783169405
711e6638-8e48-4745-a663-3dc60d84af4c,"9781446297025,9788375258097,9781138310988"
5e145b45-3ced-464b-834f-50304076751f,"9780521780674,9780143131106"
ceb77ca0-6de5-4c4c-850d-6a266dc1d681,9781911450221
641c2c5f-8330-4a1c-87de-a08a25d778d3,"9783700165910,9780415235495,9781614910237,9783643998040"
1e10df72-6b86-4d13-b050-6294befbdd85,9789041190420
0b70317e-4d02-40bd-ba6e-62be21dde649,"None,None,None,9781860167317"
4e6ce9cf-e197-4b2c-81ce-30f9c2509cec,9789402408812
5ac746b7-47df-45c1-bc09-add69f4b51af,9783319048307
6154c9cb-c16e-4743-be0e-740b1b402c00,"9780195386844,9781473893733,9781350110939"
6fce1a8f-dd09-4c52-a560-8a6df24beb19,9781138493957
56746660-5c43-4be3-a8b6-93c8d5d1f158,9789175190372
2bfa5460-341a-46b0-bbee-4d449ecb7bcd,"9781910219638,9781910219645,9781910219331"
6dd2c006-f5c7-4b9a-8352-b2f6c7443df4,"9781526118158,9781526124319"
61ef2e16-78b6-4349-bf3f-89b698776f89,9789151302904
3b6050dc-a186-4475-80a4-8ad4e5652ea0,9781108425551
8bad4599-c9e0-45c2-ad4f-0fa521afc53b,"9789041167293,9789041194459,9789041190420"
b9008c87-2c63-44e3-a276-25e3fac08aae,9781474445054
d2866bc8-70f8-4edc-b8b3-30c9ced4fdb2,9781862203631
ba5578c3-bb71-4cde-acf9-bb49da4c3423,"9780262012553,9789860309829,9780262528214,9781841504896,9781849764940"
8c27ffd2-c993-43fd-9c77-af40e1188b3f,"9781138845732,9783319445144,9781138091399"
0d4467f4-44d9-4402-a063-268242298596,9789546427625
2cb44256-ce53-4e49-bff7-084eafa646f7,9781527210905
43e9399c-27f3-4c6e-8e14-815d0ba614c5,9780262029667
873e1594-d399-4f75-a7be-e8de480e4b8d,"9781474441490,9781474455053,9781349959617,9780745639536,9783030145156"
c4d9eca7-852f-4af8-a85b-1225e0d08094,9781861347312
7aaa7f2e-7d29-4cca-a0b1-539072edb8ad,9783981841435
d04e0f5a-d477-40e8-a1ca-c6433b6fe33d,0853238545
f5ac0a27-4e07-4afa-8a3d-f8d7569fe65c,"9781107076228,9781851244751"
514985eb-d11f-4b45-abb3-e79f75a8fbcc,"1851777970,9781350082076,1784530301,8869772411,9781789380880"
f0822612-14ca-4604-83e5-767e10c0122a,9789082598704
d877c8d8-aa32-49b9-af05-6fd5ee188e7c,"9783030464011,9783319656533,9783319656540"
26356c7e-3f46-4e91-8446-92e72ad21581,"9781781383308,9781788113953"
02f01d4f-c75a-47a8-8da7-f2408d66c369,9781782722939
77906490-dc93-4c81-b245-999bf9ded8df,"9780415976299,9780415806787,9788409085187"
f4f33140-25d5-44c8-b04c-8e32f2494f81,9789004391550
07e4d12b-067d-4210-b8fa-5dff9cc09001,9780719088247
239bfe17-0fde-4478-9336-bc9d7a649851,None
23db767e-3031-4556-bb80-753cf711bb51,9780998337449
27487243-0365-4df6-b515-2dfcc5a66844,"9780198843795,9780521646802,9781906841287"
c3c24d55-56b5-47d8-b933-eccdb947c1e1,0413778363
276f53d8-78dc-4098-94bc-e9af24db41f0,9780821420973
4511ff0b-d7a5-46b6-8cfc-70cbe1ee3e59,"9781447324959,9871447324959"
d8915ef7-a3a8-4334-b383-518f9661db4f,None
09f49471-744f-4a29-8e0a-d358df44a279,None
568da097-37d3-405c-a07b-3c0230d7c667,"9781780017846,9781780019833,None,9781479857098"
876780cd-fc26-467b-96bb-9e4673f99757,"1498568734,9788024638911,9781137569639"
2f75df89-3b5a-4124-b6bb-d03b514c98dd,9781789731507
e004d69f-664e-45ab-a82b-11090f96de9d,"9781782423003,9781781382554"
daae45f9-a68e-4229-97c0-7dfcc070ae33,"9780901297,9781909594814"
0c7d2cad-5dd1-424b-a85e-6c7352ad5037,"9780754662670,9780719088520,9781474250283,9781526132024"
a03942bc-86b9-4ed1-a2ae-b26c3e7114b6,"0415551692,9783034308847"
3365e282-aaa1-44d1-8e03-5835da61220b,"9780198791591,9783030421847"
5065119f-66b9-43c2-bcc4-82202f081d22,"None,9780199687930,9780198712114"
90b69631-1de9-4681-b633-e39b87578872,9780754673491
940a3a53-d51d-497c-895b-2c966a2218c2,9781916256170
0b6b3716-a459-4c96-8111-b9f94183bc31,"None,1586030779,9780333922309,None"
33cb6492-d9e0-405c-81d2-8cbce1b88679,9781903996119
b6e70cdb-c4ea-4ce5-96a7-46c503303200,"9789050470667,9781785334986"
e668bd96-2996-41da-9bfc-e82bf562af10,"9780413773531,9781408159507,9781350068919,9780871407672,9789042024328,9781474273305"
ccade07d-a6a5-4e1d-87f3-7d3fdca3c4ed,"9780571326884,9781447274506,9781911214373,9781784740641,9780224087452"
f5b1133b-3370-4e49-971f-b9dd72942bc0,9781909838499
048cf8a3-8ebd-46c5-adcd-dcc55a0dc345,"9780199593736,9780226676517,9781474424882"
8a9b9d14-bda7-4652-b917-351ce56bce76,9781783098545
a87eca98-0e2a-4f16-be91-13ddf87e180f,9789290124108
f464c03e-28c2-4756-8ba6-f421d89bceab,9783319756738
1ac0e239-0319-4e31-87c0-763b538d148a,"9780199272051,9780226150642,None,None"
2909154c-7777-43c2-a390-046225bbe274,9780434022441
73598e56-1890-4813-b4ea-ea2c9dddee06,9781907684135
af13c1c0-2279-4b61-8da0-2a9f3b670806,"9781905275311,9780863557415"
ff40ad17-cd1c-424b-a032-e6a231af1574,9780992889401
b131aa64-d621-43fa-8dc2-0eb1bb5e7c47,9781447314790
37560e16-7bce-465c-a7b7-929c5725205d,"9781409434542,1350026190,9780230114500,9781350081093"
daf81c5d-3293-4bd9-a263-4211cc6c07e8,"9781846091872,9781780383569"
2fb9e31b-63ee-48cd-94ee-1f68a31786a1,9781138189034
5b1e9346-c4e4-447e-b78d-24ff8e1c7e41,"9780300238723,9780241208779"
6a802efa-ccb9-46bc-b40e-2d0d079961ff,"9780199558162,9780199601967"
2aa5606c-0be7-4794-9962-4ccf464e23b3,"9781138693685,9781786941992"
b863d7f4-1190-4d10-a2e4-6eb23bee18ed,"9780374379995,9780374305277,9780374308995"
ec169aab-8ee1-4cc3-ad93-e577dbd888f2,None
e3ad28dd-829b-4522-b1c3-b33f70ebc8d8,9781509911301
cea77466-ded3-4c06-a266-6ec9b0f6550d,"9781606066409,9781606066812"
b6d0a1a0-241d-4af1-945d-7936abee905a,"9789585441453,9789585597228,9781527266322"
1f0e1b1f-bb34-4d48-bffc-7c9907ee74cb,"9781904380337,9781447328018"
053d9a50-bca4-40e6-8935-5d60501601c9,"None,9781848853638"
ff923b74-0d3b-4984-a2d5-0976908d7104,"9781846820748,9781846821974,9780198187318,9780198187318"
ce67240b-8c93-4314-8af0-fab5a2bd1178,9783639125900
76df009d-7c62-4d9c-826e-fd2c3444aefa,"9781631494291,9781781382677"
b7ad8e60-8073-48c4-aa93-e86360c5a383,9780230542235
fb18cb85-cf73-49bc-9817-11869bf435cd,9781907842917
d7d6dda3-dfb8-4920-88a6-a82c59268714,9780992820503
f851aa3d-d2e9-4e52-971c-284b2061e7bb,"9781860435379,9781860435539"
a80b0da2-b017-4838-849e-086d4cdd559b,"9781848855106,None,9780300243475"
06f36619-c0ed-40b6-90c8-60954acdbd49,"9780812247305,9780230319509,9780674048805"
d392ab1b-4be5-4d20-a60d-6396aa1411ce,9783319679617
1c717a81-0c2b-4d09-96f2-5f331c3a6825,9780444594884
3bfa7a18-d37b-44e5-ab52-7bba795230c0,9783319055442
502f4f4d-1e97-4b67-9031-49d1e1583ec0,9780128022917
7a0803fb-bcf9-461d-85da-4033b138bf84,"9781526120595,9781316625606,9780719090295"
5a771e1a-ec22-4984-948d-c00c518c98c9,"9788846741387,3954983273"
c2e921b9-87fe-4be2-9efc-74dc1ce8ec4e,"None,9780674545663"
ffe44927-70f3-4501-b99b-29b18313fd78,"9780198841364,9780199646142"
1e334c11-43ee-47be-a852-eb587030f777,9780955106231
d7154825-4ef0-47a5-9c6d-07015a05eea0,9782847066098
e4f95d1a-630f-43df-a1c4-c17332654f52,"9781780765853,9780367469665,9781138895324"
aee88063-2698-405f-8cff-83544cc6888e,"9789071681264,9781526135766"
b805610b-e398-4202-84b0-ca8110af36a5,9781907349133
e2d35c14-3e15-43e5-94ad-1fa769a6d193,9781137508096
216cc1f9-4230-454f-a4ed-9128a7931bbc,"9783943365498,9783956790485,9780500343135,9781934105962,9783868592559"
e5e93dc7-edab-4276-b6f7-853db195fbf3,9781479982882
ab261221-ba55-4fa0-9323-efe2d8dc7358,"9780312233921,9780745315836,9780521849623,9781623560423"
057ee87e-72d9-4d5c-b80f-460845416719,"9781780449470,9789845062404,9789843500663"
b9d59bc1-329d-4ff2-8df7-123f947dd15d,"9783030007836,9781108754859"
bbc76463-3e2d-4046-959d-17a30d4194b3,"9781526718617,9781526738080,9780198788492"
bca042ad-0826-423b-9ce1-ce6fd3076cc7,9781450366311
675f6258-680c-4982-b4e9-5c8b80d5e8d4,9781909807808
a66194d1-004a-439b-a86f-6cf56d889120,9781931971034
2c51681c-4214-4c66-ab98-708a0543ace3,"9789088900884,9789088908149"
90099bb8-1b97-4108-81dd-6db045839b14,9780946009695
b2c1a1ee-93c8-46a4-933e-8a69fa65d1e5,None
339b0b02-0f72-446e-887f-7462625cfd7a,"9781843838975,9781138901131"
e21b8627-9d49-4a8f-a9c3-9505904abd88,"9780415532686,9781841261812,9781138559103"
a66bc0b0-7c91-4988-8a66-63104375cacf,"0754601005,9781906307073,9781912147892,9781908373526,9781405136297,9780905783383"
1ea29fd4-4891-4162-b85a-c77fa122bbe5,9781908373953
f48e5c77-ba58-4268-bc85-4abfd9843cb8,"9781841505572,9780814333006"
9b212140-586a-4481-95e1-436ba8f36140,"9789605767785,9789601656670,9789601679747"
cc043f9c-e409-47bf-bf7f-d8eb8c1c9117,"9781108471930,9781509520626"
4c873db5-a321-47e8-8c73-2204ff80962d,"9780521715959,None"
f0c8e962-7ca3-480d-9c43-eae55eaa56fb,"9781786273673,9780719090073,9781849765671,9789004328976,9783791354903,3826032411"
4d76618f-cce6-468d-8328-7adaa40f0eec,9780367002398
8b25f53c-88fa-4b9c-8745-5f683b36f888,"9780719088322,9781137264176"
dca15114-ea77-40fa-93b1-12a870bbaad7,9780903204231
020094f5-2a4f-42e1-b242-16f1d868ac04,"9780854313006,9781108678087"
a32de058-fdb9-4490-8488-e96667a03372,0117036943
4c21db69-e560-40fe-873f-bf2b5214b856,"9780198845669,None,9781783160921,9781474430173"
a5eb8b8b-3a43-4281-8e86-d7b4aedb0575,0415661617
14fccdb8-c6c1-4589-b8b1-fb5d4017a70f,None
b7f4966c-9b33-4d30-af94-6b216d0d2275,"1595930248,0134054296,9780134054292"
57aa0b0b-40eb-4f24-b804-ea8d2ce45810,9780415500821
1e72edad-e44d-46c7-a683-7d3a9e051720,9780957062870
a8961ce7-d5a7-46fc-8c8b-3d27c14e7d92,"9781136681592,9781474463560"
005fabd4-0aeb-4237-b52b-b5c3b13d3530,9781789900026
a2a5d3f6-dbaa-40de-b982-0375cbfee8eb,9783319650524
d4a85d5e-9c7e-4bea-9447-ee384d15891a,9781912137923
c9f61ffe-bcfc-4e87-8346-a7dce75c9c72,"9780748637874,9781843838111,9780253012555,None,9781949979350,9781108426299"
f9f197af-c18f-450f-92af-f3caaaffdca5,"9783902575425,9781788316743,9780903521840,9780203098608,9782503579023"
eec26e76-cc50-4203-b689-1c715947fd42,9781782547877
51d31df7-4eb1-486e-bac2-0d80f5100333,"9789963711895,9789600808346"
848f73be-a3ea-4648-be71-1545a73c4781,9781526106438
ba3d63e9-8802-4b37-9234-b952ffd87d34,9781536123982
f3cb36b0-63f9-4889-8e54-b43d0782bf3a,"9780853239093,9780812248371"
d9410fe3-07d0-41da-b3f4-fa38bb04ed69,None
0966669b-8ef4-47f2-bb3c-64490c5a93d0,"9780995548121,9780955668753"
4d5c3d0c-c9c0-49f4-8794-ce45930dd76a,9781789252460
a8326ab5-9072-4e9f-b6db-0d4d0d1429c1,"0903903229,9781851826650,9781902771625,9789979549239"
e3f3d321-9df8-4634-a3f8-58ecaaaa9868,9781444319507
0b82bb93-59d1-4fd9-886d-e557b66bffef,9780199652785
0cd2ba92-758a-4cc3-a3b7-232aa8d31a7d,"9780199279050,9780226390086"
0ae4eca6-0d23-46ea-a5e5-276a15c151c1,"0521813522,9780521883566"
81758e80-d1ab-43dd-9723-ffd8f53ef90b,9780719081781
a11e3c97-52e0-42f9-aade-50067b7632cf,9783642296703
ffa4d17f-0466-47a4-9f4a-dc556d604ea7,"9781847422026,9781847429704,9781447327530,9781861346582"
585d665a-1a0d-4931-b72d-98717606b98b,"9781785334627,9780857459626"
24f04377-a747-4dfc-81c1-2a9f8b297aec,"9783319785059,9781905767861"
e28ccea9-1890-40e7-812c-7aa46f987063,"9781137431707,9783030139247"
293ec2b8-2965-4e71-80ff-8463c62075b8,9781905238057
4e27bd02-f78d-4163-a78b-d96818743909,"9781138605336,9781138283572,None"
c9492125-2ca3-4e77-97b6-b54ab8cf4679,"9789492095428,9789492095121,9781846381706,None"
fcaf2602-9bf6-4e57-a6fc-5063ebfb3aee,"9780415449403,9781138886230,9783319261508,9783319548968"
20abd62a-04e1-4a3e-88e3-e59a73567ad4,9781783914784
e9bc4bb9-b0e6-4e0f-b98d-57f8b546f960,"9781443829649,9781910065822"
8815e671-fef4-4332-84da-0186a066125d,"9783956795060,9781781383407,9783956795060,9789527131428"
43a48759-780c-4647-95a6-1b9bf2ce8283,"9781108419246,9780674737785"
30049c73-61d0-46ef-b4fa-9e37729c6643,"None,None"
a4fab11b-00e3-4109-9dd5-27b0237884a8,9783540890426
88bffe37-c5c2-455a-9d72-a9f4d3176e68,"9783319990576,None"
1f03c03a-a5b5-4866-aa82-04558e385226,"None,9279031147,9781509920952"
99a573e7-e882-4da4-b63b-13f609eaff84,None
cd2fd740-401a-4653-aaf7-104d4f9f6890,0792374290
476e62c1-6673-4fbf-a73d-7c19ed419e53,9781138898257
22183005-75d5-45bf-b3b3-cd8c76224a8d,9781475577501
8869b449-15a2-47d6-9460-165ef34aff2f,None
ea562d31-3718-4c63-a592-13cd62739bf3,9788433863423
ab5f8d17-1b3b-4ab1-8bad-4d1c44f75232,9789027260406
3c48285b-85ad-431e-8489-2dc80af40dda,1898447217
064a0e28-513a-49e2-831a-995621861add,9781447332756
ddc79341-d440-4444-976b-cfdd3e143084,None
27ecc152-348a-4691-9eca-369ccbbf7b75,9780367342432
58ec82cd-4fbb-4c73-8a6c-ad27603b530f,None
c409f652-d7c4-4ab0-a83d-c20fe0d03913,"9780199582563,9781137559470,9780822945512,9781474443647,9783030018566"
af59be39-ee22-440f-a69a-e5af7750b630,None
c8a54611-3e66-4860-831d-e00f20c34c2f,"9781897425435,9789004395367"
2eac1950-596a-454f-81cd-092025cccb99,"9780241978726,9780199569311,9780198728085"
74a87a85-84bc-4d2b-ac0b-ed45093b0e1f,None
75c1222b-69ec-4959-9af6-7689b10cfe29,9783030394622
ed3ed64f-75b8-4c07-b381-89e601f77278,9282317196
eadb2aa6-bede-4323-a029-4e9782b93ca2,9781849467346
4d427ba1-2b61-46d1-9789-6cbbe68babc4,None
3799fa1f-11be-4ce1-9df9-9866626d07ea,9781107110977
efd5e18e-cf60-4453-8a9a-bb693c0e3308,"1902114108,None,3814220617,9783814220901"
ae0cf12d-8706-4937-ae8a-ad11f14ce159,"9780521199971,None,9781859357897"
80d1f415-a22b-4fe7-af87-57b02b16167d,9780367586089
e0e512a6-1f50-4002-8e50-2e249a6d377a,"9780749136017,9780749136406,9780749149253"
51509977-cee6-4be4-9dc3-c5d12d288ce4,"9783030048242,9781138962323"
a3dfba5e-f8a8-4ee7-a806-5c04c9ed1152,9780367321390
6a37f66a-d6e4-4a3f-a398-f23af9dcf2a4,9780198783237
2f003ed8-33e9-47ec-a995-fceb6ad87e65,9781849964319
1a096cba-8fa0-4447-a8d7-10f3a34dfbe7,9789070563509
6c176304-8f13-40bf-8c72-46ae9e64e112,None
8ca5b79c-d99d-4688-abc1-08e3217e9bd9,9781843105817
ae8c1aa6-8d1b-4e90-918b-8268ffa4676a,None
1c343d34-cce3-4cb8-98ad-4b2468ab357d,9780367218140
4b7aadc4-792a-4690-a39d-d540fb3e6c52,0953914089
dcf02470-3b1f-4c6f-9180-4964dcdc50ef,"9781788318280,9781786941992"
7ae5dd6b-0b50-41f4-8195-53c432db127b,"9783319034065,9781472509208,9781474245654,9781138831728"
a6ddb3f5-eff4-401b-be5c-203afc46d3c3,"9781138913547,9783319186412"
868aeac9-16ee-4191-ba5b-0b2eeb3c0a83,9780954118389
90e3cd2c-c9aa-421a-8159-eb635ffffeb7,None
74c44a1f-2988-4497-b065-4196c8c8c193,None
589dda6e-f894-4a36-9fcc-16cfd60c2d1a,9781138672628
08067bd6-8e35-4fd6-aed5-113f4473cc53,9780199599523
a943fa87-e881-499b-92c8-0f327223360c,9781910443385
8e472d92-fdaf-4a64-ad41-21abf9188a5a,9789462700307
03ba2f06-b742-4c30-91ae-7d7ebcb5cca7,"9781848640016,9781782621560"
a8983a8e-4aa3-4ff9-b4aa-f12f6bd42f51,"9781838396732,9780719079214"
c2ba8c5d-7b81-4b9a-a677-3d3a72baefec,9780415870375
a5a69fa9-13c7-4334-abb9-9ea62807322b,9783030040314
0c2fea31-ae81-4098-9ad9-ebe949af6797,9781409831594
c7c1956f-1129-4655-ae9a-fe766de106a5,"9780198749806,9780199553747"
75a49587-8d6d-42c1-a05a-9e60206d6be3,9781785448942
12876ab1-0099-4194-adb5-a52a38f2b17c,9783030422875
f290d76d-54c7-4bff-9fce-d0edc8120ca4,9789289002493
7cee5d93-5bb6-46ff-a87c-64b5bfe4d767,9780199273874
23574722-98f8-4e84-8c55-6c6f09a81654,"9781935528715,9780889374973,9781138714564,9780415682787"
6a31ddcb-3ddd-46c0-880a-467398d957db,None
dc62aa31-035d-4a0c-9d08-59e1ad9636c1,"0745317588,None"
bf50b6e0-d8e9-4099-8bd1-50ced62ab889,"0761973222,1403996482"
72ea4825-1afc-4b2c-979e-4b6cde0875ea,9781350023628
660ba6e0-f1b9-45f4-bbbd-a77e2ab3b5b4,"9781107025462,9780199300518"
f354798a-dd26-4f73-a0db-4e1c697ea6f0,9780444595317
cee35003-672d-4d46-a67d-06393e73a26a,9783319946092
2220014d-3d8f-4227-bcf9-e64c62277813,"9783957100160,9781786522870"
cbcb40d7-472b-41f7-870c-c44dc420b572,9786163582072
fee69eec-f753-45b1-8545-796c0ae815d4,"9780198718239,9780190845117"
6482b498-0b76-4039-9385-0dd7649d6bc0,9781622733309
2e7aac74-3a80-4247-8ad7-cd9036e272c6,"9780691141619,9788480265751,9789652784698,9780957028562,9780300208221"
837a5306-012d-4b1b-aeca-94218c99e1ea,9781450344319
cb7880fa-ac35-4594-9745-44d7bd85a27e,9783319569871
30b1330b-e6ec-44bd-8a44-25d0f42f6bec,"9781409828822,9781409828914"
c2da17de-2e31-4963-a839-6c04e8691b90,9780077114220
61ae63d6-e55f-43c7-b0f6-ca05d9e70056,9781782547921
e9ecfe3f-9314-4b04-854d-2d8dd45dc67f,9781137388254
212b91a4-a431-4afc-af48-0b68f4f9bf2b,"9781847921208,9781317181903,9781317181903"
9f8d51cb-077e-4a62-9639-b64defad9127,"9781350065239,9781529206944"
c59991fb-7a40-4867-a1f2-45d2095ccc2c,"None,9780734622297"
59b6d7cf-8d5d-4d18-892e-077e7bc6f563,"9781784534912,9781783486496,9782220092539,9781527221185,9781509528455,9781925826593"
79b496e6-dfef-42fd-93c4-d56b8710b8b9,None
30c4c82e-faf0-414b-b73e-af00ee3222b0,"9781447344131,9781788315531"
bb2f35b8-6f9c-4054-948b-1d00eb26e75a,"9781848441941,None"
7c87286b-663a-4203-9331-1340702485ac,9780521720564
681af2a6-bbf5-4a64-8426-070ba0c57bcd,"9781909890046,9780198753223,9781782720997,9780199253944"
a98d74ea-04c6-447c-bd2e-23a10d543950,"1899825517,9087280475"
d98ef627-928e-4e72-ae9c-fb1e989e5565,None
b772a859-89fb-494a-92b4-8eaf08e141ca,"9781315085258,9780199870394,9780199871254,9781315090696"
b5a20b92-3d40-4dde-9e5b-f9d7cc20aa2b,"9781137479013,9781137479013"
62890f20-acae-402d-9f50-f3196d3cd316,"9780521193481,9781108474092"
a5345b59-43cc-4542-b9b3-60de1ec9ffdc,9780140289732
4ad15f2c-cc87-4e1b-ae9b-b9c69c1c3f3c,"9781906506551,9781138047112,9781315171104"
660409d3-896d-4ad2-80a1-b2e3f62dab79,9781780320076
6d31ea13-184d-44e8-b5ed-6b6ecfe92a7a,"9789521537455,9780473372682"
ee73d647-226b-446f-8251-6e051a86d584,"9781349426348,None"
5d5f1fc8-3b60-4268-ac65-a7af33879145,"9781903953655,9780955039508,9780521845809,9781843837114"
907a4656-e931-4334-969f-f9a203d8f39b,3540363025
8a44030d-653f-498b-a6b9-8c07341241e2,"9789462700918,9781350045941"
098b153c-7db3-4bea-af4e-cf3281856db4,9781842201800
d0d116e5-2191-4c38-90f4-b6b2536220a3,None
967cdd71-8b64-4054-8fcc-1b2d3f748657,9780123944375
dac0b75f-8385-4766-9c02-f50578112442,9781137377340
88d811ad-20f2-4a9b-9c67-5c01f6ade2e2,"9781526204547,9781474286800"
5f33581b-5328-4595-bcb8-52ab4ca22ac4,"0273712926,9780273712923"
79a38774-a822-414e-9ef2-c9a2f7c745f5,"9780198825098,None,9781137478870,9780748698233,9782920752191"
2d58bd3c-b60c-49cd-8bae-cc84858e0508,"9781108422772,9781441152589,9781349951307,9780571246380"
230a0205-60de-48d1-b301-9644c6308e9e,9781526113764
2d42465f-deb6-4d1a-ba3b-cebe0ffae24f,"9781138018440,9780807160787"
d83047dd-988a-486a-b6c0-79721b90689a,"9781447332183,9780198797968"
b483ecb5-38d7-468b-846d-33c4a6a951ce,9781785922619
3e12120f-0eaa-47c4-8b15-818a57bb130b,"9780275975722,9781589019560"
cf676fe4-a8c4-4a7d-b61b-320cd1773335,9781315620312
ccf605c6-2e77-4c32-b9d4-203c9a1ee3fe,9780991016457
66da66e4-a9a0-40e8-b948-b5d22c4464b0,9781403986306
53716809-939e-4b11-98b0-953c9d44fcd2,"9781907730818,9788494208683,9781907975929"
c9c666f1-ca3a-4c8c-b612-20c3fbd4b1ac,"9781137412843,9788837231576,9781474429771,9781474438131"
62d8cf4b-d770-424d-8d6a-ca6d4ea8ba8f,9781108487306
af95d707-8931-46ee-94cf-c71126214475,9789027244079
fc7b6823-3864-4fcd-88c0-2c70ff69b87a,9781138200463
73b77307-b65a-4a9e-83c0-af9aac391932,"9780198746690,9781785925894,9781905461066,9789004392137,9780367191474"
a52d061e-f70a-4da1-8bae-5d6a2333c862,"9780851158266,9781785704444,9782503518978,9781138453562,9781138020764"
76b1f32a-f715-41f2-8888-b509028c41d1,"9780571254705,None,9780816698066,9780992625955"
9b14d012-550b-427f-8c62-e2a7731222e9,9781472522054
4bd9210f-2e7a-4692-9d5b-ea9dcb1bfa39,None
25f161cf-ffd7-4fc7-b1a8-8e753b460536,9781527252769
543d592f-9015-4423-b5be-53707065b0e3,9781547040124
c794a799-9a78-426b-86e5-9af9cec03068,"9780415748506,9780198793595,9783319790015,9781138853966"
d6af245a-3e0a-4736-907d-47f8f390ee4c,9781137569776
75e55666-b1ff-479b-9d23-4410f479f912,"9781785707049,9781138781849"
fd08a47f-6d90-4769-8be8-de373d08ea4b,"9781614995302,9783030022426,9786197134551"
64a01736-3e97-4281-aab2-b0aa70f693de,9780993065996
9d4df67b-664a-4348-9d4f-926e0fef5724,"9782343083780,9782406081562,9781908857552,9781349495405"
77ce9654-0695-44f3-87ff-13e357a16bbd,"9780415709965,9781137334299"
20248a5d-9f94-4bf4-9380-5748b09c7f2d,"9780985621162,9781443858335,9781614512516"
7687c95e-0644-408c-93ee-d1d8e4bbde8e,9780198795667
4223f1dc-f600-485c-8f91-d1452f511896,"None,None"
eaa5e646-7960-4a52-96ba-4638e6ab8cc2,"9780198703013,9780521038133"
a8b3a5e0-54a2-4a33-b12c-2b8e73e5e9a6,"9780995461130,9780995461147,9780995461178,9781841505626,1527563391"
3b88b0be-a49f-443a-a8d2-1061db881d1c,9781108494854
055e91fa-ee0b-4191-813d-cd473bc34d80,"9780241146538,9780241253588"
6bd024cf-f6c8-4fea-a543-f3ad7b2b7ad2,"9781317657019,9789997429209"
55ee7bf9-9b6d-4491-a4db-0ec90012d1c8,9781526126092
52ea702d-b489-4208-80ba-54d4aa62a949,9780415476720
ee823969-7190-4160-b7d2-db5cbbd833b5,"None,None,None"
5e06be21-53b8-4c15-997b-a2f86d9ef39f,9781107609860
090a69aa-bf22-4a5e-846d-4d55668d680f,9781785921971
986ae6e2-88b2-4cfb-8e97-f59e7f8ca394,9789811314797
e92f30f4-8291-428a-bbf2-501dc12d3623,"9789401792523,9780198786429"
d69de0b9-ab6b-4a5e-801d-5d4add32e5c5,"9789241507158,9780190912765"
ef0fe7c4-63a8-4243-9688-4a9c14c5aee7,"9781905763283,9789042035058"
587697ae-2705-4afa-a6d3-1094029f1ad2,9781138368309
5c02a719-7e24-492a-805b-33ceb947977f,9780198822905
4d7acb8d-b303-448c-8064-9b3b34a9f0e9,None
25d4d05c-2cd5-4719-9071-d658b758beab,"9781443847827,9781474244558,9781107130852,9781474253888,9781441125569"
18329f39-8d8d-4a04-b4ee-3b8c7169f7c5,9781847011312
f4071c29-012c-4606-93a1-c48c75e53275,9781944466169
f6ad5e4a-f3f7-49c8-9561-057418626a6c,9781860166006
52a1c9bc-6717-4af9-9420-c47f17f88abd,9781138016514
647a0c42-a6a5-49a9-974a-a762a1de8778,9781108793612
ff5b1f06-37e7-4433-aa4b-3631fc358731,"9781908437112,9780956373014,9780956373052,9780956373038,9781906678043"
f1a2724c-1460-4ed7-92af-5e25b431b188,"9780199645183,9781409450429,9780571225187,9780198816553"
768a932c-a0ec-4fc1-b959-00d6f2b9171c,9780956559050
be31ee86-d90c-43b8-b00c-aa454e52c066,"1858566541,0995492204,9783319733104,9781787569942"
ae6b6774-31b5-4d30-91d4-78f58337bf60,"9780199603176,9780199683895,9781474416603"
7eb64a09-4a4c-4fa3-a7f7-866775ddebfd,"9781571134929,9780857427816,9780857425560"
9f445ada-fa56-4b46-a26d-e1dde9b06be4,"9781454196501,9781137542496"
81fd0208-af71-4941-9966-64ed1a5dd6d9,9781138049000
1d50c865-2559-4c83-ba18-700bc9421e35,9781569904008
34769363-c9ed-46ae-84eb-cbd4a425e5cd,"None,9789727895915,None,None,9783030464998"
7da5f4d0-8a6f-40fe-9ce0-c46122cf91b0,"9781780231037,9780714124841,9780861592050"
9f0a8d7c-159b-4965-a22f-5077bdb30946,"9781409465799,9781138791817,1845116879,9780199327959"
56ca0eb0-0ea9-4410-b9ef-d286e1b2f32f,"9783037642726,9780198769286"
ca6b56a3-2502-483d-8c53-349b94ea3795,9788867493919
f6d541cd-9939-4c13-8323-8846575ff285,"9780754676683,9781999741907"
14bd24e4-1c06-4576-bb7f-f5a58adf74cd,9780199599523
074dbbe5-bc19-47b8-a1b1-c04c74624b69,9781420051346
9f212e7e-334c-4a89-9852-1194e0b6e866,None
465852ca-8d02-43b6-9f48-375331523fba,"9781781382714,9781138220201,9781943710133,9781848614482"
ae81b75b-f67e-4df6-83a9-937b8f58caf0,"9781861345592,9781447332176,9781447334279"
7eb6a83d-b554-4a08-b12a-9c99bd8dc88e,"0252099117,9780367659745,9780853583356"
bb4819d8-f550-4567-9ca1-df4e7465f640,9781859359372
f946f788-6246-4627-acff-72a61efabcf1,9729935300
127b72ee-7dc8-497d-b877-7630916c454a,9780471496915
cd358189-9c53-4b6e-9b55-e61432564007,9789004322257
ee78df2e-829d-4b32-81b6-a877910046d9,"9781849048408,9781850657583,9780954805418,9781844656936,9789004328983,9781844657117,9781138562349"
bac5f3ef-00e6-434b-a96a-1e43a95d3914,9780199691876
2cf2bb53-bee7-43b5-ac91-a39c1da59b7f,"None,9789963732265,9788836629862,None"
dac7f814-bda5-4656-a39c-cacdf303a8ff,9781849711821
33995f65-9ff6-4479-b96d-580965fe830c,None
416ca9dc-11a1-4df7-bd5c-d0f4111a1acd,"9781780232942,9781909400566,None"
82a13625-60d3-4230-9318-abf264efb3ea,"9780099578567,9781472152630,9781472152688,9781472152732,9783319693378"
6805d0a2-0551-4313-8556-8666ac79b903,9781461407683
c6d61577-479c-47fa-ad0b-b3fd5b996329,9781108495622
e6779e8d-bc06-4d36-9966-870a5deba593,"1912312034,9781912312030,9780719076602"
db14e500-5bcd-40dc-9718-83daace57be9,"None,9783642179945"
9bd7ad7d-6e51-4ec4-a2b7-114c07764cfc,"9781138494503,0230551459"
f5bc2113-6ded-45ea-8a77-03731946f50d,9781316661963
1398a2dc-2671-4236-9dc5-6fe9439e4a3d,"9781851779499,9788470756290"
9c0462e7-3df5-4af4-aff1-681caa4c78c9,"9780500239018,9789088905902,9780714125961,9781877578694"
48609aac-de16-4b76-a3c2-3974d9a0a50b,"9783319875354,9781526129031"
22019c93-9a17-4600-a000-753043b5b31a,"9789403500935,9789403500935"
4e9fa4bf-9570-4e12-bd9b-26318643e117,"9781904839880,9781904839880"
2b17eba8-d4ea-40d1-a5a7-6aec9de52ef1,9780691182896
5488df0c-7323-45f8-9916-542fd0609202,"9781909291584,None"
3cf1160a-298f-4bdb-acba-4e5caf1623c5,"9781474439725,9780198820710,9781554813421,9781786940575"
40af7a65-eae2-40d5-8237-41b2f3b4b212,9780198614128
86b7b807-ae62-4f1b-bd3e-c9722573fa3f,"9781845197872,9788467045581,9781107682931,9788467034332"
3271bb3c-d9dc-4f02-9305-7ed5b29f3a5b,"9781838396800,9781838396787,9780955908224"
fb8dee8a-26bb-4e8f-8f9a-1407a61bc38f,9781529203240
8b3f5fa2-5598-4bba-9b26-7a1900e8bea4,9781138592971
25e18a8d-4859-4688-930e-69408347c6df,"9780719066139,9783030499389"
d2dd3326-20df-4c5a-b1d7-6e51ba5f46ca,"9780262035057,9781785368332"
541f1d45-cee8-426e-b5bb-ddc979c9cd47,"9781526114327,9781526132130"
6e0dd9f3-13fd-43e9-8bf1-841d716dd36c,9781137366030
67ed3bc6-af5f-4edf-afa5-9beb659fbfa0,"9780815633655,None"
078220d7-407b-4908-8091-960203d0dc58,"9781907975424,9783319889030,9781603294652,None,9781409400820,9782812451102"
25345569-de40-41bf-87ba-51ee97be22e7,1107166926
a4ba542c-3e91-4e27-bd6a-d137a0e5074c,"None,None"
bfd508d5-2c25-4e2f-adb7-4b93537c4b55,"9781350017511,1350017515,1350070106,9781350070103"
61211e86-883d-4812-8df2-04d6939e83f4,9780470510469
b64a3044-0027-4c9d-97de-e84615111b1a,1509522956
7c8d1f47-70f3-45ac-8a99-9f1e9d42f162,"9781501316258,9781138810594"
e63bf5b5-a8e5-4f86-a0f0-77850fe0fd74,9781852249298
27670a26-cd14-4300-8d5a-6abcf19760e2,"9781854337580,9781137380579"
7282f883-8974-4ade-8aa3-a82a35b9c64b,9789937928823
449f81a5-de68-4961-b71e-1585d37db481,"9789004340305,9780300110098,9780300230079"
ec8bd732-1026-4bcf-9fae-d8ca9a5bc83e,"None,None"
63cf4572-e2c7-4179-a37a-e5adefff27e1,"None,None"
fbbe326a-0d79-4ca9-9210-e98d61b35091,"9781405192262,9780190221447"
b451237d-ac2d-49ca-b2f0-a028ef5693fa,9781849050081
b8f97746-e514-4749-bed1-6623d71d8312,9783030559618
4bf7cee5-3953-47f3-8aab-3185c551f684,9781138941304
cb4bbfff-0a98-481e-815c-7c06518f279e,9780198826903
6d56623c-857b-4de7-b10c-6fdd9b89ff1d,"9781138855342,9781316676639,9780190636197"
4130201a-80b3-4dc2-9a80-2a49522d623a,9781522585350
8c9a06b5-8c68-47ea-90cd-0a0293e090ec,"9780415425667,9781907975516"
046b81c4-f6ba-4738-a2fc-0410ff91888d,9780367591465
69c59691-b22e-4b49-b79c-f9597b20a2d9,"9781785230905,9781138735736,9780198790860"
6110f9bf-69b1-4c07-ac2f-58b65b470c37,"9781906627720,9781906627980,9781786432704"
5061f9f4-ad46-40f6-917d-711b97aad66d,"9780521603263,9780255367615"
e9b49ac2-34ba-4e53-af9f-938121577606,"9780198792536,9781789690262,9781108473071"
55fbdbcf-0f32-477f-bb5b-1f380ba49700,"9780198207870,9780631220886,9780199586424"
b2c7732d-1def-4632-ac61-d93f2a0aa639,"9781138780828,None"
4b4d933c-f357-4910-92b7-0e2b87705778,9789719565260
ec59ec9a-6998-44cc-9c02-b5010222c8bd,None
584c5f8c-c6b9-4b7b-a871-0c7ba3158d17,9781138858343
25915103-28af-4384-b9f5-e925142ef060,0470021853
ad238c3e-a836-4e15-b9f6-c05797fdc5a2,9781118592526
54c47bbd-66f4-4d18-8959-8e662862fc35,9780198841982
697c9096-e82b-42a8-bf4a-73caafe52ff1,9781789255263
3ff780c8-e1d7-4f6a-ac08-e38b44613913,9781788116305
1574771b-9f9b-4a25-93e6-ccdfa9ab5200,"9781138682412,9780190677817,9780199368716"
26c11700-fa85-4c07-aceb-6a6d92dd1ed1,9780203022504
aacd7c1c-f6b7-4643-b4ac-6ae1fcfa4e71,"9780198268215,9781907174124"
cc631d53-baa9-4431-8af9-8582f1fad660,9781137269232
d21b44f1-ac19-43b9-876b-6fa87127cf2f,None
1b814d62-e1df-4a71-87f6-25e7cb924daf,"9781911353126,1843204962"
98b60636-3eea-4a32-87d9-26b5c8a882a0,"9780813029375,9781861894021,9780719083754,9781780325255,9781498568739,9781788312165"
7cc394e1-136c-4709-a30f-b7db58a26b9b,0415212480
e5cfa5a9-3e6e-4fa5-b4f6-1c88be3b7175,"9780192806055,9781846140105,9780674984264,9780700628148"
804f1a61-a77d-44eb-99c6-a1ba03bef4a7,"9781408839966,9781408889930,9781526607430"
24bf958b-e7da-4d3f-9a93-0a51784e1535,"9781509919499,9781781953259,9780199286485,9781138478480,9780199684687"
ab093f51-a6f4-4f26-906d-d6cf6ebdc73a,"9781845401818,None,9780198843900,None"
4c4fe062-f0c2-484e-b854-677fdb826962,"9781450327206,9780970835888"
08134ec2-7834-4fee-aaf5-aed89788fe86,1842773577
ae3f771d-8889-445e-ab3a-c19e8b877aed,"9781138913820,9780712356312,9781350030480"
91c8055f-708e-4959-bfdb-58efbca1d48d,"9780195672206,9780520273498,9781842064948,9781842064962"
7bd65ea9-b48a-4157-b59d-0a8f11190461,9780415716710
f97fa5c9-6e0d-438d-beb4-3ca27fae3cd1,"9783039119707,9783034302951,9783034319249,9781906165871,9783039119707"
77f52622-022d-4309-a318-bf833ce5ce40,None
3d8eabc1-ade9-4048-a613-39c79f94ed55,9781899043781
28624a1d-b0ce-4850-b47b-5aa9da9431dd,9789587810721
884b4121-01a8-45f2-bb6d-d99786fbfcdd,"None,9780992977016"
a467f7f4-048a-450f-a9dc-73d1b5b0e6cc,9783110462814
7dfc0511-d593-477f-a400-3cee71cda7ae,9780198714064
f67f14f2-515a-4437-9c9c-972c72e85271,"1403945918,9781857547405,9781910021880,9781908980144,1403945918,9780748624829"
4bdffc84-1df3-4439-a381-3ce513794c3b,"9781784539436,9781906670702"
f1506a3a-0fda-4c16-bbfd-416dc57fcf7e,0273656155
954369bf-5f21-4fb4-adfa-54fd75e273b5,9781912115686
f027eee3-7e89-4957-ab11-095d096e9801,9781443800310
c3ad4232-86a1-4be5-85a0-8505defa957f,"1781381607,9783030459383,None"
41e9da85-cc27-49b1-bf9a-01a8aaa5ccbe,"None,None,9780986126352,None"
4d879362-cd47-4e15-a11d-be24806c172d,9780271071220
e90e82d6-d4ff-4ba7-857c-bfff5403aa91,9789729257292
d2dc9552-25e7-45dd-80d7-eb03a12fb967,9781447331964
50cc462a-3c93-4ed6-ab01-9291e1304475,"9780521154581,9780521616485,None"
76050866-6079-46fc-9333-c00244f48e36,9781911479185
148901a8-f30d-4902-8e3b-6161ed2c710a,None
8700f9b5-6273-43f3-aec6-ba1afb5b9406,9783319184852
9b184c23-2abc-4350-8e8a-b0e6d70efeba,None
56500c46-3770-459b-8db4-e928c7ad0776,9781527207622
a236775e-efb7-43ae-b6d0-f122c08f649c,"9781403986207,9780415485951,9783030416676,None,9781138774728"
4b2c0e13-0503-4ba4-aa03-811a6c1423c8,9781315352220
1b266891-7d47-4de1-9f83-bcac3eea8067,9781138479906
f376bc9a-2c32-425a-a695-b9b6611f6a0e,"9780414052635,9781107123649,9781107123649"
04d471db-b20d-4fa7-a14d-9b5489e88c39,"None,9780801477515"
c0b47b30-ec84-437a-867b-09a4151b2a48,"9780195311303,9780195387728,9789138240199,9789516911741"
becb639f-8f30-4be6-ad71-b0b8ed49f632,"9781841130545,9780198825845"
c86f6f17-2f7f-4823-a5e9-d2eb70ebe0ed,9781137473547
e7bbdf4d-86cb-4167-be2b-f33f5acc8d14,9781843841197
b02f5a4a-2506-491d-8d41-5124d766fbc9,"9780226129112,9781501364624"
fefe02a2-72d8-4c1c-a24c-14c74dcf11e9,"9780300106909,9789073313439,9780810129399,None"
96f152e7-0580-43f7-bf90-0728b1bbb674,9780190845120
ee7b0a01-2246-4511-aaf9-3033a9e3e926,"9781526100993,9781526100993,9781138501355,9789004336544"
64a7af8b-c28f-49bc-a004-29fae27a0171,"9780007558377,9780008163402,9780007558407,9780393064766,9780007232079"
7083fbc2-c7b9-4a01-b436-22aec84951f4,"9781138246478,9781138829398"
8f95b73d-eff4-4288-b1e5-e908b9ee6e97,9780193362895
981841c4-556d-4d38-930a-abbbac716621,"9781788111140,9781137510532"
e2539017-9f7e-443c-b687-eeeabde14f90,"9780957633230,None,9787532299867,9787558603716"
0a932893-f160-4c28-8543-aedd523df6e4,"9783793097044,9783506771339,9781789621419,9781571138828,9781640140332"
e82211ab-fb71-4c89-9a39-39b20ea3f266,"9781474235181,9781107159129,9781137577177,9781849042451"
44252703-0914-4950-ba4c-114f59775f1c,9780691021287
8d07a91e-d0ee-4255-892b-030eb9e3b300,"9780939773411,9781119367796,9789811382444"
93660872-c849-4487-80d1-19774042c2bd,"9780691150390,9781470414696,9783030211707"
03c3a739-57c2-4f79-a6bc-d02d8c8ad178,"9780334043966,9780992772505,9780861539017"
f31028d7-108a-4d8c-93a8-fee3df7c93e7,"9783447101486,9780367177911"
c5a8ac1a-3af0-4859-920e-81971bbaa42b,0415556376
3d4eff9d-f1ba-4599-901c-449641eb0aa0,9782757407714
87dfcac6-63c5-4d82-92e8-43d737aa8f68,9780300232066
3137ca97-d5fd-415c-95a2-f400e75a562e,9783319765501
a470099c-599f-4b29-a106-f795510f9861,"9780199591428,9781107120648"
92f98956-4c89-47d1-86b9-7db91a7ebf6c,"9780199546237,9780415477536"
9318b32e-3b4c-4629-9fea-6b7ede36e4e9,9781849712712
6c0703aa-37f1-4b45-9345-91d78ea38ca8,9780415697330
e54cc74a-64dc-48c5-94eb-7f92faaad382,"1521403643,9780981426457"
9e4f4942-7b36-446e-8a7e-8520ebfdce96,None
5fc09398-f464-47bd-a405-662742082ed7,"9780300112733,0300208847,9781843837039,0691182701,9780197266151,9781472437495"
f0bdbff1-b565-4e4e-aa2e-9ab88548c6a0,"9780230294608,9781611485172,9781137549716,9781138218871"
8f78135e-9329-4991-a798-ec221b88dfae,9780199594849
dd39e2a9-78c3-4435-9321-8b0419d5f264,"9788477375432,9788492543649,9788496004542,9788415813132,9788416685776,9788416246854,9788416246397,9788417266554,9788417496166"
fc378345-19b8-4cc1-a85f-146099040b39,"9780750485401,1900346555"
e7d4449e-2155-4ec6-a2d3-ae74bc5c1f84,"9781137344601,9781138937918"
e7731f7f-e4c3-4a3e-a24b-7aacab52d321,"9780567081711,9781872038155,9783899719505"
50fcc004-8dee-48c1-97df-7abccced1a04,9781903765593
d203feeb-2fd2-490d-b49b-dc54847455e9,9780226538150
839ac64e-8fad-4d33-b08d-6436058ad8a6,9781783271054
e6564246-c541-4823-93e0-0494a641945a,"9788885795181,9788867289134,9781512944129,9781857599343,9789567297177"
efb90e08-f13c-4fd0-ab6b-884ae7cd9850,"9780199689729,9780198819677,9781350017252"
b4565fb3-c0a9-4125-82b0-8ba01a46fd7b,9781942401575
646c2da2-2543-4f8b-8180-0a740b38e0d2,None
9b982596-d007-43d7-ba9c-f5fa43b965b0,9783030500641
29e9c7e5-4261-4c65-b272-9bfc58a95962,9781118605332
2ba8f6d6-78d1-4b5c-a364-3e2e6237d81d,"9780230230828,9781472522108,9781472533562"
a31ee057-cafe-4c9f-8bf0-c0bd1c0059ed,"9780310536130,9780310536086"
17bc9b5b-6f50-4de1-b928-cd4108eab929,9781526106490
0c69f1a1-0d50-44bb-8543-02b70ec2eef6,9781860942051
9ce47944-c616-42cb-84ef-cb4b81dc2a3a,"9781626164314,9781848853089,9780415712651,9780190647759"
d5c26894-4304-4952-b0cb-7c21b3ffc55d,9780300246650
3c81f543-4e15-4a90-9fae-db49d6769336,"9788418155956,9788472906389,9780230236202,None,3039102648"
de20bae9-de6b-43ba-9e69-4876b35e7419,"9781107098718,9781107051577,None"
f0ff7115-033e-4f32-9ca2-abc71d418c35,9781444183771
37b2f372-cf30-4f06-9abc-450bc20c2dfb,"9781135981808,9781137468529"
46257d0c-5e07-4eed-a6f2-18a84b40c394,"None,9781909990050"
50e5447a-1ff3-4cc4-8b55-b2f7e89ea7a6,"9780415640374,9780198791393"
3879c4e6-8e48-4c52-98bd-e08a7279ec6c,"9783319643014,9783319643014"
63460aff-4635-4913-9cef-c338f8d98d0e,"9781408188132,9781472520333,9783643905901"
9b0be787-daee-4625-8298-706eda7a7448,9781786433305
7bd71cfe-8475-40b4-beab-09b87e0b5a66,9781473919563
2807a0db-824f-4453-b474-e908cb4b23f2,9783319999418
13a7b65f-9659-410f-8c0a-89dcef92183c,"1843833352,0719082285"
4fd1455f-1151-4638-a29c-1406f1819ae8,"9780520243613,9782070784042,9782070177929,9782845975620,9780300226188"
7ca5baf2-fc27-4f56-aaa0-5ae3b5f42e50,9781526134134
9edacc8c-9e16-43c7-9422-04e5c6989187,9780062748652
0483c033-efe3-4abb-9b00-08fe72f0d70c,9781138936515
fea963ef-c471-4e4d-b0a3-60ea26f3be94,9781137425836
40b7e93e-1107-428a-bec1-e703ddc7723f,9781909883000
08536f22-e906-40a0-a468-7aa8d5a32fe0,"9780262029186,9781786435774"
cdebb09d-d614-4d5c-a701-76a093d120c8,"9780198806363,9781509916405"
ac353760-2b21-4f63-91c0-3d9a6f530274,"9783902976536,None,9781910238165,None,None,None"
fbd415fc-772a-436b-8c43-85f7317983c2,9780198785668
8af886c7-8786-4998-b2ae-665b635b77fb,"9781780680972,9788883035623,9781944838225"
c07fea78-adb1-472d-9856-ede317e9af8b,"0853898782,9780853897279,9781909131248,9780719086366"
4c129af1-9e6c-4632-8269-2075f7fd9e13,None
529b2d68-60ab-4ee2-a4a3-d1942c7c8f59,"9781857096170,9780300179880,9781588396150"
ee53b537-bec4-4eda-b7b6-30ff8b7dacf9,"None,9781784716981"
24637d0f-efd3-4c30-8f16-265da1b55096,"9780199827305,9780199949274,9780190646738"
bcc960cd-ac4f-463f-8c8d-266a2d0163fb,9781910374801
63e54836-c377-474f-967f-7ffccd0bba15,"9781787563766,9780415635455"
cc1bab11-4e89-4ff2-8434-265a87cf0b68,"None,9781783085200,9780198747413,9781119120957"
71fd40e8-833a-4d33-a26a-f41541b0d83d,None
1428895f-5a50-4434-8616-18fb51faae77,9783030017903
1d6f4da5-4ad5-4bf3-809b-501b34afd7fd,"None,9780719096259"
439091b2-d083-4ba2-9eea-dcbbc432c85c,"9780904889932,9780904889949,9781911640059"
e69d4edf-5d50-47fd-8bd8-763df35adf23,"9781138841000,9780367659660"
85310885-e3b8-47a9-afc2-bbfeb16b7e3b,9781137347572
1df46b06-4549-4e59-944a-2bb2948a78fb,"9780300220391,9781526113474"
8b3bd712-372e-4e07-9654-bdd786571220,"9781846311215,9781138567320"
bd8fd45c-bc80-4eed-9729-6ce6676a8246,"9780750659747,9781906846541"
d46323db-2b2f-4de8-b081-1783121926d8,1903496950
15413ac1-4b64-4baf-b4cb-9fb5e3b2cc87,"0268102538,9780415736176"
64c72f82-1385-4eef-aa81-0fadabef1659,"9789004165281,9780199236954,9780199251032,9781910807248"
9acc00d8-19ca-4f9f-a07b-24a9d844adc2,"9783447114783,9783447056656,9781780768090"
536d0e08-1d4a-4774-a42c-855a9b4d6754,"9781910836088,9781788640718"
4582cb17-6e2c-408f-9173-1ad7e3b55e66,"9780415617789,9780198809975,9788893911818"
6f52ba20-1903-4f05-b68c-34444cbbcc0b,9780691152684
5e07b187-6035-49c0-93a3-7b1671399b3d,"9781118445112,9788891910776"
398db899-6cc5-40a6-9763-b31ef5ac8924,9781350078451
6fc46cae-ae47-40ac-aefa-eab38fce4ad8,"9782503553252,9780691159874,9781409473114,9780851628233"
37165b7e-a3d7-4fc3-ad9c-be4236dc7b8b,9780198794578
c3364629-613d-402a-8b0a-76d4dda5affa,"9780415580021,9780815393344"
5ef12d9b-9c9c-4b26-843a-29ee0d19317d,"9780199217908,9780415534581,9780415620734,9780199688999"
849d1996-adb1-4af1-8ecf-4177b56eba55,"9781862181793,9781443858908,9781862181755"
77d35b57-fed7-42a8-a0ee-2b53901d9d93,None
a7e7590a-0e88-4436-b09b-162aab911a66,"9781847314710,9789400001282,9781409448785"
0eb66154-f958-481c-873a-830579919064,"9780199566358,9781847207418"
ca610b84-feac-4f33-aba9-633cc4c2a30f,9780198734246
ef310506-88bf-443b-a47a-26f68c342177,9781845425845
a83bd2c5-c80c-408f-846a-7d5727adca57,0903854198
d63103f8-a554-465c-a616-c04ca937d4e6,9781911123149
c07a3f80-28ef-42f8-8679-15acb191d9e0,"9788576521808,9780415720540,9781138042896"
8841cf99-92ea-40c3-b157-db422da442d0,9781108686402
f963d273-96c6-43eb-b5e8-cf59dad7d2c1,"None,9781526420664,None"
0feb34e7-fb24-42f8-8a67-d79555c07a0b,"9781409425892,9781526113948"
9d68fc95-aa4c-47c6-bb09-7923ae3b9dfc,"9781840221015,9781472518286,9781780769912,9780198744184,9783319903408"
55160712-1875-4ee9-abbf-f6c1954d2e45,9781350040335
f30e6c25-3290-489f-be01-06ed545c5799,"9781788926980,9788413247892,9788413099323"
4d1fe802-bcf2-4d18-a4b4-0bbbc5cda1c1,9781447349778
ee2da4dd-a157-4426-a0c1-881c88c5ad41,"9781409826248,None"
2509eaca-4823-4b50-b737-aaa67d810d27,"9781845202521,None"
01e0b4be-0ef3-4253-a95a-f4be3812ca2e,"9781781723678,9781851321506,9781526202604,9780429288432"
1a6175c6-6246-4134-a50e-eac302d1323b,9781412930765
f11a578a-5439-4e2d-96bb-c7a185bc9cc8,9781788085670
569727d4-e4fa-445b-aff5-c118b40e2e9a,9783319192307
d31c139e-5c3c-4ffd-883b-29d036189aa4,9781907142468
2e9b4403-56f9-4133-af7b-df3932c1d5b9,9781907142468
109ec294-dcf8-4b89-924d-8d098a5d58a9,9788740302790
ed6a3c34-ecb7-481d-a183-65f8b673e3f9,"0300230400,9788895598536,9788837099480"
08aff342-9fcf-4c83-aad0-250ce9297e36,9780745333052
616d1ff9-2924-4cc4-8f96-409a70fc323b,"None,None,None"
40d1a99b-885f-4b84-b752-e1a2aa9d0fd4,9780954452933
de5923c9-80c8-4b4f-812a-706fe92920ce,9781138935419
bdff71f6-a79b-47bf-b677-6c8c11087b38,None
08c106eb-7d8d-4cb0-8bfd-83ddd636fd76,"9789042038882,None,9781842064962"
24a34c29-ebf5-4088-bb68-4a265b145ca7,9781910715185
7c570c11-5ef4-4866-a85f-10d9279e39a6,"9780804791113,9780796924421,9781789207514"
0e1d40a8-f614-4975-b6fe-b0a9bb0493f7,9781137369192
812d560f-944e-43f9-a5a6-2d7ee3525f1a,"9789282357637,9789279582172,9783110591415"
72e7b9a4-4d71-45a1-a41f-a29fa4cbabcc,9781119055655
ea391e26-7c6b-4067-af76-14b4c1642d11,"9780691148687,9781781259757,9783319525082,9780719077500"
8b8592d8-5abd-4278-9ead-db452cba68a1,9781107088375
a273cdca-482d-4e83-8b45-0bc8070b49f4,"9780521808439,9789089647474,9780853583363,9780853583370,9781138568204,9780415676038"
c10051b4-5f7a-450e-9956-1fca8cf924b2,9781447336105
37056b9b-a03e-4884-b00d-39f08b4df719,"9780854901968,9780854901968"
3b205d1b-b779-4db4-89d1-7bbc0daff48a,9781138096318
e85c922f-ad8e-468f-8b51-fe003440511d,9780889374300
847e3819-3cb1-4ce3-b18b-e0ae33329813,9780300108279
26043e36-aa57-4d95-991f-e7a7e5df7617,9780198736783
4c6d72c0-f36e-4223-a875-13c2f68b1d2c,9780415626170
c50d0b67-c014-4ad5-9106-884718659bc2,"9781845111885,9781349715893,9781780767369"
ae29b9ce-1545-486e-acb3-056bfb42fa9b,"9781846683817,9781781250495,9781849660624,9780192842374,9780674008076,9781788160605"
86856de8-1346-4749-991a-86cecfcdb1ce,"9780198832034,9783422069787"
937168f5-3806-417f-94e0-3c0fd5d66fb4,"9781442214408,9780128035207,9781789140026"
f9b7fcd9-72b0-407c-ae40-bec54bcabc6c,9780367424664
76676a8b-32f1-42ed-8b1c-7a0a24e80009,"0717133826,9780716528845,9781137277176,0717129462,9780198705772,9780198794387"
880e1b13-6ecb-46ba-9f67-c64d04d05ec7,9781862181168
5f12d8ac-ad1d-4ba5-86ee-6053480c3b84,"9780571332625,9780571355389,9780571324927,9780571341245,9780571356720"
003e4083-da09-4be4-aa48-7284eb12f840,"9781785338519,9780857854209,9781118486665"
6528a350-0cc3-4715-a607-7d66839eb454,0902719191
fa26f480-827d-4421-9a39-c8f4b8214784,"9780415328098,9781849809238"
d7a02794-9957-4680-8b8e-167682f7132e,9781912260089
c5983792-76fb-4d80-b659-6ccd015e6ec3,"9781119580027,9781527506527,9788868091606,9781911479185"
2ba3e929-52ff-447c-b497-26ed7afb22a3,"8601400348055,9789042918023,9781934309339"
c8dd7443-832a-4f2c-9b44-9e377bbd4022,"9789401792523,9780198786429"
7f41fbc2-6c4e-49a4-a707-0d0a2158a73e,"9780393063363,9781607812616,9781107093751"
82642470-fe39-44b9-bd63-b508ac387e01,9783319747538
25f46404-871a-426b-960b-5843cde46367,"9781848441941,None"
3abfacbf-de39-46c7-a8a2-d95b79cddd72,"1900289768,9780852499023"
84e33df9-bcbc-4679-939e-359cab7d922e,"9780719096334,9781526134004"
58e5e776-c655-4285-9de6-d2ee702cdef1,None
0e74044a-a942-4fcb-9443-ef55fe05a500,"9781848060715,9781860819681,9781860819674,None"
de096f2c-14c8-410c-b432-09a7df6df7bc,"9780415614313,9781138489691"
1582dd40-e66d-4a57-b8b0-4008c0fbfa7d,9781843833963
faee6b59-6c2c-441e-a4fb-c0aa203e4885,9781782393504
369d21d3-b96b-4bc1-9e43-88642aa99749,None
778b0255-3013-418c-ab02-b64523008a54,None
6400738e-47ea-43ee-97cf-5a6f154e23d5,9781846147418
7604f52e-60d3-44eb-a2c6-60f985efcb3b,9789524845519
d8af81e0-9d32-4b87-817e-8bc4e15b34bb,9780241960516
c8e9d7bd-438f-4c0d-a102-3f7c06887e94,"9781848135628,9781842777374,9781107180048"
095a9054-8c19-4a6f-83d7-16d577ef0aa9,"9781784741983,9781849163743,9781849163804"
04d1cb2e-cdca-4ed7-9d6e-15c471878e50,"9780230637092,9781851969944,9780739176566"
37c51886-dabe-45c9-8e49-0f1fb55719ef,9781119602224
d34984d1-522d-4445-8b69-4e06a88140b9,None
21f129c2-be77-407b-86ae-bf6b655783bf,"9780199582877,9781851243631,9781908990280,9780712357630"
b5ab4ccc-d24e-42aa-8388-610e858ef4b6,"9780946372997,9783030397555"
70bb3304-40a5-46cf-854d-44c6afcf92af,9780995590090
0e279caa-522e-47f9-be71-81b1b840a0d1,9789806417397
8fd5c076-d75d-4c24-8fb0-1658a0e6c574,9781862181410
e62fa2b9-2f32-4f9e-8b31-7b23ba2c5124,"None,9781787073982,9781138079878,9780719090363"
2da7d530-43b7-4a30-8a47-ec80488ad99d,"0631218556,0199652414,0199699542,1843844354"
484417cb-a291-42bd-b9fe-8ca8746e195d,"9780099539773,9780224097543,9781910702710,9780571277070,9781786078797"
ca1de02c-edde-4cf9-9646-188185fc47e2,9789811307515
7367f936-fe89-4054-8a15-8962c068dab4,9783030389932
0ea8459f-e770-4054-99b7-5c821ae9b46a,9781138325302
f3c185e7-e171-4d3d-8e6e-a00edc582d88,"9780198252481,9780199699414,9780198794356,9789004430983"
33e34b45-8fa9-4bea-a7ee-fabbd51fba22,"9780631231691,None,9780198840176,9782807602960"
901533ed-17bd-4a69-aed8-b18aa61a5ae3,9780300227468
88202cf7-28fa-46c2-b5b1-d5eb43f02243,"9780567156051,9782204137331,9780814684580,9780814645635,9788839918789"
c65ad8bc-8b9e-42b5-99e0-406c47a51ed6,"9781408146637,1137583150"
67741ead-a609-46f6-8f01-1755abb963e5,"9780521108454,9780140293340,9780141039930,9780141027821"
7be8b8c8-74d0-436e-995e-0fe0b5bacd4b,9781138122215
3a8d2ff4-d76f-49e8-9653-b9d8e0b7e882,9780197514085
ab8efe93-1d0e-4639-a9bc-ba976551e426,"9780099548744,9780198848509"
bd5861d7-2c08-48b0-be9e-f30542b55f1f,"0195154738,9780754629016,9780754628859"
f54c8479-2a5e-4438-b644-b2d9fb1c1b71,"9780198749028,9781138803930"
8d2a8c4d-2ee8-4d78-a0ca-6d822d63bb47,9781138915442
c813cfe6-6379-4cc4-a99c-7bd2061f5f30,"9780826487933,9780826435255,9781107022300,9781907975356,9781138946309,9781138699298"
ce2cb1db-6841-4eca-bf0f-d171f68309c9,"9780415548717,9786610953981,9780415416153,9781906478094,9780335264186"
3de0f593-c793-4478-9a55-f2110f149d9b,1858384907
afc22a15-63c1-4b33-bda6-6e7ee8c65d7f,"9781989421108,9781898421160"
d8bcedca-3c69-4193-ad2c-e06bd30f8f47,9780907904335
76224315-aa6e-4ce6-9571-051ea1525a54,9780334028703
a074dc10-7364-4909-8eed-fa1bc9de8811,9781847063922
bb427a43-0f72-4b65-9661-ead18e8daa5f,"9780335264681,None,9780994265319"
fc2ed901-a91f-4429-882b-0aad9849c492,"9780193223011,9780199607631,9781781256039,9781472473585"
d2f26b40-3cf1-4237-be9c-8810bbddbb2e,"9782503542218,9782503575513,9788897784876,9781851245253"
a5bf2932-d5db-4abe-8ce1-44e8dcaa12d7,"9781472418296,1350062340,9780199977956"
184a32f1-9c3a-44e4-a98b-ac24701ed9b9,"9781443856959,0857853929,9781916432505,9781800345560"
e4d27c6a-32af-4199-ac02-974ed3e095b5,9781527243903
0f4102de-6726-49c3-aa12-0b591ef2eff7,9780957343054
b2ead50d-030c-4aac-bed9-d4f4b1da035f,9781138239753
94f7c7f1-120c-4885-8e39-155bb4fe28fa,9781782976981
80845d06-714c-445c-a491-111dc107f355,None
54d15eaa-c3db-49b6-aac9-0540328a29ad,"9780415684644,9781138801981,9781138570535,9783030028985"
8713acd5-7c05-4248-abac-03b74dfcc872,"9871137269300,9781137269294,9781447332756"
ebcc826a-3e67-4d31-a410-24ca20637d6b,"9781904537649,9781911408123,None,None,9781911408383"
e80238a1-cbc4-4157-ab5a-eb6bcb8acbc8,"9780813049144,9781538127568"
252862e0-a738-4537-960f-b05155109490,9781614994503
bd971882-bc3b-4915-8039-54b328200b70,"9783319569871,9788849539011"
b1953a1e-86ab-4b66-a709-94aba86306d7,9781138579019
2e906361-c4a4-4e79-aff9-2dcbd1aacffc,9789401209748
914018b4-6390-4016-99b2-5dbf5117ce20,9781107183100
9da62a6f-a798-4490-9d1f-34dcb577375b,9788179551849
2d5aaefc-3e7d-4ccd-8e39-95de7dd36efb,9780198712282
cf49c2ef-c034-4215-87aa-f40fa31d1f31,9780199689491
c0d6ce7d-adf8-427e-be0e-b3bada6930c3,9781137443595
22b25e62-513b-4b67-8202-5f63828b22fd,9783319780054
577216ed-d1f2-496c-806d-09fafc102371,"9781107042735,9781108422215,9789400775398"
8a6e43cb-f39c-4f81-95c6-7e634717895e,0415508800
dec3f818-006d-4e9e-876c-956fbb7c3cbf,"9781137353399,1384966944624,9781789030310"
783b80c8-825e-4908-8563-12346ea6c2b3,"9780199684304,9780343925345,9780198767114"
24869ec8-1ad2-4981-b291-044b8f718447,"9780198728627,9780198719441"
f0e15307-223e-49fd-8b65-78dea3e09d4c,9781474416566
cbf213c8-5e87-456a-9706-9538ce6ace19,"0198166982,9780300235753"
719d46ed-d70b-47ed-aaac-97fd4fc2862f,9781899043705
fd3870ab-f3a7-4fc2-8faf-5ef11ccfaf9e,"9781786949547,9780993552861"
67db3288-6d0e-4bb4-b525-d49484bd11ee,9781999966904
4cd39207-3c4e-432b-8194-c1709cd68b3e,"9780415375382,9781849660679,9780415396141,9781408843703,9780582505964,9780853236399"
f7a66ddc-f684-4004-8070-11ecef8c663c,"None,None,None"
6008d963-82d7-4267-aece-8d7e336b8d0c,"9780198786023,0199299714"
ff1dc2cf-fe66-488b-bb32-253692601c8b,"9780812245196,9781789621600"
d87a3290-f7a4-49d3-ae38-08948b58f520,"9780199341559,9780199393756"
f2c9e421-c4d8-4be2-8e38-c250f0843ccc,9780709302681
593051cd-76a0-47ed-ab43-afd7200c8e8d,"1843543672,None,1784741485"
e4b909f7-b95c-4a13-bcc2-c6c8ef0e6b6b,9781907207860
49be7ae6-1c65-4404-9099-fc3d576651df,9783319048154
f5ad6af6-053b-4412-900a-64913cc4e4ea,"9789462983014,9780861967094"
eeef5204-f872-448b-ba8d-e3dd4b5635fb,9780198717881
9a366bd0-01d6-430f-9d98-293b406115b1,9789463009348
49ed341c-8d5f-41e8-9164-0594b5732b46,"9781349951123,9781138340145"
71ef30e1-413e-4d69-96f6-b0e39b51fa0e,9780815346951
88f14121-30ca-4966-872d-bc54e1e1dcda,"None,None,None"
17e29604-7c5b-44b0-a3fb-499dd1d67aa0,"9780231172301,9780231538855,9781760294403,9783319528861,9783319528861"
a3684142-9660-4a22-852a-840b313557a9,"9780415537933,9789088903656,9781871855265"
5cf5781d-aba7-4f64-a166-290d363cd4ac,9781472457424
84100711-77c2-4413-b976-898d7e110dac,9781474234573
1f143546-245b-4a99-ab43-86f8729b809b,"9780995456426,9781847920041,9783795430320"
5a7458f9-427f-4275-b53e-d20792cc81a0,9783030471774
ee9cbe65-9c0c-4371-b594-90c945f92047,"9780664223328,9780567033178"
3ddae62b-1cdf-4c66-8a6d-a0f1d2c03940,"9780143037019,9780141977539,9780241284445,9780691177892"
0d3b34c5-3239-4fd6-9dfd-e196ee958662,"9780745337692,9780226590332"
1e074956-2d8c-444b-a1bc-b77c7cee799a,"9781781680940,None"
37c9e6e6-c3b9-480f-8297-dd8d8b4966db,1442650184
24589338-c83b-42c3-b0dd-864a13f98c3e,9781786605245
db6fa1df-4e23-4402-a262-7c0e4bed523e,9781783483686
b48e8cbc-0e2d-47f3-9378-7a57b9478762,9780190676315
362fea23-5868-46c9-9eb0-205f58953e3a,9780956838988
0e91a514-bb2a-4108-887f-93c79ba16200,"9780199563647,9780199563647"
e9bebfb0-8eeb-4a6a-b6d7-c835a389b1f5,"9781783609284,9789517686211"
4b8f32dd-19e8-4b40-aa8b-e1c7a6366298,9783030052607
0e632b4f-e2b8-40cd-9e7d-ba7441979647,"9789535805540,9788388358029"
4c1da381-7e5a-480a-b03b-1e360fcdd23b,"9781447155942,9781616895501"
63eaae86-37b7-4b11-9800-7c064271a124,9781781721759
ba0f902f-0e12-4620-93a4-302153c4946c,"9781450335492,9781450346603"
9b8067f2-025c-4f0d-b47a-fdcdc99eb40e,"None,9782875621191,9782503566276,9781139992947"
b89a5e33-097f-43fc-8160-e14bbfab3798,None
5753636a-8cae-4509-8f93-647c6b2bf37c,9789197982269
dce679a7-a3b8-4c83-9c54-f3c9659c2243,"0500511470,9781906270285,9780957272507,9781910350027,9783777424286"
8216e62a-a2b0-40a6-9883-b13b6e5da014,9781138800021
28fb58ad-3488-4625-b6f7-dbb9a22d4f79,"9788125041139,9781851776450,9781872843322,9789385285035"
5347463d-819c-4b20-b055-3737fd02fe9d,9781119263623
1586d155-fb80-4e4a-aaf1-d2a615741404,"9780708325339,9780815386308,0712344780"
556fda8b-ef78-4747-b7cf-07d840d54bf6,"9780367496050,9781108754859,9783319685656"
06565d42-e6fd-4d65-a875-ce60042bf896,"9789619054512,9781741281781,None"
0cdace7a-82a1-4fe4-80f8-e0825c854692,"9780754636731,9781403987662,9781843839637,9780774828925,9781526100696,9780774834933"
2676a7cf-90dd-4ce6-8494-49440f0b43b7,"9783957410795,9782753574427,9781857520606"
aa45afbf-11f5-44ec-871a-d5c00d39fe99,9781473545090
6f85a901-2341-440f-b0e5-b12d221b935e,9780262043052
2601894a-2afb-41bb-bb0b-bf85ca27ae0b,1785927922
68bd2265-0444-4cc6-80fa-31ca45ea2676,9788494919480
9d98b2a0-4189-4393-8f41-d24ce2f0a0aa,"9781905981137,9783862050703,9781851245093"
ec12ceb5-f02d-4913-9f22-30ac92db19b9,9781911108047
4c771bed-b682-442d-a01e-29f079989d58,"2503506321,2503506321"
b7958a23-3344-4f39-9af1-d286fbe5a32d,"9780330481717,9780393089134,9781526122032,9781526132737,9780993037863"
7e2f1154-f06e-44fc-b3e4-85a36bc4cd00,9781447355359
9e9d1c3b-9e3c-4497-969e-107f4e86a39a,9781526133267
00405dc2-df26-4779-8ac5-ddd9c0552848,"9781848840201,9781843834151,9781907730504"
c26bd25c-13fe-46cc-8cee-ef69db10af46,9781912254057
c8ba7bd5-36f2-4853-a427-1ac614d4162f,"9781906753399,9781906012793"
d9ec167e-f4ad-4f7e-a088-4d45a4f15b67,None
7487f318-39e6-4ede-a384-4db9ac07c2a5,9783319270623
0e58bab9-9a11-4a40-bd4a-f4f6069e3536,"9780713668889,9781138853188,9781786275738,9781780674087,9780957666535,9780500519134"
12ebe95e-9f45-4c15-a0d6-bbb7c858c571,"9781912240166,9789774168178,9781138651562,9781474439008"
2215f7c5-d327-4f2a-bd01-cd436786b45c,None
045289cb-d251-40c4-b39e-e4a7431bb5b5,"9780861932856,9781847251947,9781783270675,9781783274628,9781843834670,9780901134776,9781137513144"
bebfc657-ec2e-4db1-8b1c-93304dbf182e,9780822361947
b3dcae44-0f5b-4c8e-a567-fd5cc037e344,None
430f4ead-7db1-40df-bb02-a7c49bb78abb,"9780691187075,9780995527751"
3cd929c8-64fb-430a-b94d-756af9940e77,"9780230338111,9781317812456,9781780240336,1108424511,9780198713425,9781472577191"
7b88f468-9d80-4c6e-8af8-c5f13a230835,"1899783431,0946858195,9781446210833"
